<?xml version="1.0" encoding="UTF-8"?>
<project-private xmlns="http://www.netbeans.org/ns/project-private/1">
    <editor-bookmarks xmlns="http://www.netbeans.org/ns/editor-bookmarks/2" lastBookmarkId="0"/>
    <open-files xmlns="http://www.netbeans.org/ns/projectui-open-files/2">
        <group>
            <file>file:/C:/Users/Usuario/Documents/CUARTO%20CILO/POO/apeb2-25-taller-3-aplicaci-n-de-principios-solid-evelynlizzethe/problema03/src/p1/MatriculaCampamento.java</file>
            <file>file:/C:/Users/Usuario/Documents/CUARTO%20CILO/POO/apeb2-25-taller-3-aplicaci-n-de-principios-solid-evelynlizzethe/problema03/src/p1/MatriculaColegio.java</file>
            <file>file:/C:/Users/Usuario/Documents/CUARTO%20CILO/POO/apeb2-25-taller-3-aplicaci-n-de-principios-solid-evelynlizzethe/problema03/src/p1/MatriculaEscuela.java</file>
            <file>file:/C:/Users/Usuario/Documents/CUARTO%20CILO/POO/apeb2-25-taller-3-aplicaci-n-de-principios-solid-evelynlizzethe/problema03/src/p1/MatriculaJardin.java</file>
            <file>file:/C:/Users/Usuario/Documents/CUARTO%20CILO/POO/apeb2-25-taller-3-aplicaci-n-de-principios-solid-evelynlizzethe/problema03/src/p1/MatriculaMaternal.java</file>
            <file>file:/C:/Users/Usuario/Documents/CUARTO%20CILO/POO/apeb2-25-taller-3-aplicaci-n-de-principios-solid-evelynlizzethe/problema03/src/p2/TipoMatricula.java</file>
            <file>file:/C:/Users/Usuario/Documents/CUARTO%20CILO/POO/apeb2-25-taller-3-aplicaci-n-de-principios-solid-evelynlizzethe/problema03/src/p3/Principal.java</file>
            <file>file:/C:/Users/Usuario/Documents/CUARTO%20CILO/POO/apeb2-25-taller-3-aplicaci-n-de-principios-solid-evelynlizzethe/problema03/src/p1/Matricula.java</file>
        </group>
    </open-files>
</project-private>
