<?xml version="1.0" encoding="UTF-8"?>
<project-private xmlns="http://www.netbeans.org/ns/project-private/1">
    <editor-bookmarks xmlns="http://www.netbeans.org/ns/editor-bookmarks/2" lastBookmarkId="0"/>
    <open-files xmlns="http://www.netbeans.org/ns/projectui-open-files/2">
        <group>
            <file>file:/C:/Users/Usuario/Documents/CUARTO%20CILO/POO/apeb2-25-taller-3-aplicaci-n-de-principios-solid-evelynlizzethe/problema02/src/paquete01/Televisor.java</file>
            <file>file:/C:/Users/Usuario/Documents/CUARTO%20CILO/POO/apeb2-25-taller-3-aplicaci-n-de-principios-solid-evelynlizzethe/problema02/src/paquete02/Principal.java</file>
            <file>file:/C:/Users/Usuario/Documents/CUARTO%20CILO/POO/apeb2-25-taller-3-aplicaci-n-de-principios-solid-evelynlizzethe/problema02/src/paquete03/VentasTvs.java</file>
            <file>file:/C:/Users/Usuario/Documents/CUARTO%20CILO/POO/apeb2-25-taller-3-aplicaci-n-de-principios-solid-evelynlizzethe/problema02/src/servicio/CalculadorPrecioTotal.java</file>
            <file>file:/C:/Users/Usuario/Documents/CUARTO%20CILO/POO/apeb2-25-taller-3-aplicaci-n-de-principios-solid-evelynlizzethe/problema02/src/servicio/GeneradorMarcas.java</file>
        </group>
    </open-files>
</project-private>
